[
	{
		"inputs": [
			{
				"internalType": "address",
				"name": "factory",
				"type": "address"
			},
			{
				"internalType": "uint256",
				"name": "id",
				"type": "uint256"
			},
			{
				"internalType": "uint256",
				"name": "category_id",
				"type": "uint256"
			}
		],
		"name": "addNewAgreement",
		"outputs": [],
		"stateMutability": "nonpayable",
		"type": "function"
	},
	{
		"inputs": [],
		"name": "cat_id",
		"outputs": [
			{
				"internalType": "uint256",
				"name": "",
				"type": "uint256"
			}
		],
		"stateMutability": "view",
		"type": "function"
	},
	{
		"inputs": [
			{
				"internalType": "uint256",
				"name": "",
				"type": "uint256"
			}
		],
		"name": "categories",
		"outputs": [
			{
				"internalType": "string",
				"name": "ipfs_hash",
				"type": "string"
			},
			{
				"internalType": "uint256",
				"name": "parent_id",
				"type": "uint256"
			},
			{
				"internalType": "bool",
				"name": "is_parent",
				"type": "bool"
			}
		],
		"stateMutability": "view",
		"type": "function"
	},
	{
		"inputs": [
			{
				"internalType": "string",
				"name": "ipfs_hash",
				"type": "string"
			},
			{
				"internalType": "bool",
				"name": "is_parent",
				"type": "bool"
			},
			{
				"internalType": "uint256",
				"name": "parent_id",
				"type": "uint256"
			}
		],
		"name": "createCategory",
		"outputs": [],
		"stateMutability": "nonpayable",
		"type": "function"
	},
	{
		"inputs": [
			{
				"internalType": "uint256",
				"name": "id",
				"type": "uint256"
			},
			{
				"internalType": "uint256",
				"name": "index",
				"type": "uint256"
			}
		],
		"name": "deleteCategory",
		"outputs": [],
		"stateMutability": "nonpayable",
		"type": "function"
	},
	{
		"inputs": [],
		"name": "getParentCategories",
		"outputs": [
			{
				"components": [
					{
						"internalType": "string",
						"name": "ipfs_hash",
						"type": "string"
					},
					{
						"internalType": "uint256",
						"name": "parent_id",
						"type": "uint256"
					},
					{
						"internalType": "bool",
						"name": "is_parent",
						"type": "bool"
					}
				],
				"internalType": "struct Listing.Category[]",
				"name": "",
				"type": "tuple[]"
			}
		],
		"stateMutability": "view",
		"type": "function"
	},
	{
		"inputs": [
			{
				"internalType": "uint256",
				"name": "parent_id",
				"type": "uint256"
			}
		],
		"name": "getSubCategories",
		"outputs": [
			{
				"components": [
					{
						"internalType": "string",
						"name": "ipfs_hash",
						"type": "string"
					},
					{
						"internalType": "uint256",
						"name": "parent_id",
						"type": "uint256"
					},
					{
						"internalType": "bool",
						"name": "is_parent",
						"type": "bool"
					}
				],
				"internalType": "struct Listing.Category[]",
				"name": "",
				"type": "tuple[]"
			}
		],
		"stateMutability": "view",
		"type": "function"
	},
	{
		"inputs": [
			{
				"internalType": "address",
				"name": "",
				"type": "address"
			},
			{
				"internalType": "uint256",
				"name": "",
				"type": "uint256"
			}
		],
		"name": "list",
		"outputs": [
			{
				"internalType": "uint256",
				"name": "",
				"type": "uint256"
			}
		],
		"stateMutability": "view",
		"type": "function"
	},
	{
		"inputs": [
			{
				"internalType": "uint256",
				"name": "",
				"type": "uint256"
			}
		],
		"name": "parent_category_index",
		"outputs": [
			{
				"internalType": "uint256",
				"name": "",
				"type": "uint256"
			}
		],
		"stateMutability": "view",
		"type": "function"
	},
	{
		"inputs": [
			{
				"internalType": "uint256",
				"name": "",
				"type": "uint256"
			},
			{
				"internalType": "uint256",
				"name": "",
				"type": "uint256"
			}
		],
		"name": "sub_category_index",
		"outputs": [
			{
				"internalType": "uint256",
				"name": "",
				"type": "uint256"
			}
		],
		"stateMutability": "view",
		"type": "function"
	},
	{
		"inputs": [],
		"name": "totalParentCategories",
		"outputs": [
			{
				"internalType": "uint256",
				"name": "",
				"type": "uint256"
			}
		],
		"stateMutability": "view",
		"type": "function"
	},
	{
		"inputs": [
			{
				"internalType": "uint256",
				"name": "parent_id",
				"type": "uint256"
			}
		],
		"name": "totalSubCategories",
		"outputs": [
			{
				"internalType": "uint256",
				"name": "",
				"type": "uint256"
			}
		],
		"stateMutability": "view",
		"type": "function"
	}
]